order_id,order_name,order_date,order_value,order_currency,ship_city,ship_province,ship_country,total_cogs,total_net_profit,profit_margin,line_items_count,skus,unique_skus_count,total_sku_quantity,channel,attribution_source,attribution_id,attribution_type,utm_source,utm_medium,utm_campaign,utm_content,utm_term,campaign_id,campaign_name,adset_id,adset_name,ad_id,ad_name,has_customer_journey,has_custom_attributes,is_attributed,is_paid_channel
gid://shopify/Order/6336349339737,TC-001/25-26/4852,2025-07-01 00:59:44,1598.0,INR,New Delhi,Delhi,India,422.0,1176.0,73.59198998748435,1,TH-037-MISTBRU,1,2,Instagram,customer_journey,120221343090860783,content,ig,120221341262910783,120221343090860783,120221343090860783,120221341262900783,1.2022134126291078e+17,TH - Adv+ Shopping-2 - Video & Image - IG & FB - India - Sales - 04/05/2025,1.2022134126290078e+17,1MHO - Adv+ (Exc. Purchases (30D)),1.2022134309086078e+17,TH-037-MISTBRU-ET101-SI210-ET137-ET139 – Copy 2,True,[],True,True
gid://shopify/Order/6336356057177,TC-001/25-26/4853,2025-07-01 01:03:10,1899.0,INR,Jhansi,Uttar Pradesh,India,725.0,1174.0,61.822011585044756,1,TH-068-WILD-M,1,1,Instagram,customer_journey,120226643827550783,content,ig,120226643827580783,120226643827570783,120226643827550783,120226643827570783,1.2022664382758078e+17,TH-063-SILBOO,1.2022664382757078e+17,Adventure Trekkers,1.2022664382755078e+17,TH-063-SILBOO,True,[ True  True  True],True,True
gid://shopify/Order/6336447873113,TC-001/25-26/4854,2025-07-01 01:55:12,1099.0,INR,Delhi,Delhi,India,384.0,715.0,65.05914467697907,1,TH-067-SIPEASE,1,1,Facebook,customer_journey,Facebook_UA,content,facebook,paid,120219910470100783,Facebook_UA,120219910470110783,,Unknown Campaign - Facebook,,Unknown Adset - Facebook,,Unknown Ad - Facebook,True,[ True  True  True],True,True
gid://shopify/Order/6337000931417,TC-001/25-26/4856,2025-07-01 08:38:00,2999.0,INR,Gurgaon,Haryana,India,1339.0,1660.0,55.351783927975994,1,TH-028-COMCARE,1,1,Instagram,customer_journey,120226390275200783,content,ig,120226390275250783,120226390275230783,120226390275200783,120226390275230783,1.2022639027525078e+17,TH-053-JACKET,1.2022639027523078e+17,ICP Pet Parent,1.2022639027520078e+17,TH-053-JACKET_ET156_IM259,True,[ True  True],True,True
gid://shopify/Order/6337018429529,TC-001/25-26/4857,2025-07-01 08:52:43,1099.0,INR,Diphu,Assam,India,397.0,702.0,63.87625113739763,1,TH-038-PAWTR,1,1,Instagram,customer_journey,120220327473500783,content,ig,120218303994450783,120219313253170783,120220327473500783,120219313253170783,1.2021830399445078e+17,TH - Remarketing - Video - India - IG & FB - Sales - 29/03/2025,1.2021931325317078e+17,AS3 - Remarketing IC (30) – New,1.2022032747350078e+17,TH-036-PAWTR-ET139-SP368,True,[],True,True
gid://shopify/Order/6337074495577,TC-001/25-26/4858,2025-07-01 09:43:29,1599.0,INR,Gurugram,Haryana,India,582.0,1017.0,63.60225140712945,1,TH-063-SILBOO-L,1,1,Instagram,customer_journey,120226643827550783,content,ig,120226643827580783,120226643827570783,120226643827550783,120226643827570783,1.2022664382758078e+17,TH-063-SILBOO,1.2022664382757078e+17,Adventure Trekkers,1.2022664382755078e+17,TH-063-SILBOO,True,[ True  True  True],True,True
gid://shopify/Order/6337075478617,TC-001/25-26/4859,2025-07-01 09:44:31,1799.0,INR,Gurgaon,Haryana,India,540.0,1259.0,69.98332406892717,1,TH-058-CAPE-M,1,1,Direct/Unknown,,,,,,,,,,,,,,,True,[ True  True  True],False,False
gid://shopify/Order/6337131642969,TC-001/25-26/4860,2025-07-01 10:20:22,799.0,INR,Chennai,Tamil Nadu,India,211.0,588.0,73.59198998748435,1,TH-037-MISTBRU,1,1,Instagram,customer_journey,120221343090860783,content,ig,120221341262910783,120221343090860783,120221343090860783,120221341262900783,1.2022134126291078e+17,TH - Adv+ Shopping-2 - Video & Image - IG & FB - India - Sales - 04/05/2025,1.2022134126290078e+17,1MHO - Adv+ (Exc. Purchases (30D)),1.2022134309086078e+17,TH-037-MISTBRU-ET101-SI210-ET137-ET139 – Copy 2,True,[],True,True
gid://shopify/Order/6337140785241,TC-001/25-26/4861,2025-07-01 10:28:52,1999.0,INR,Kondapur,Telangana,India,751.0,1248.0,62.4312156078039,1,TH-068-WILD-L,1,1,Instagram,customer_journey,120226643827600783,content,ig,120226643827580783,120226643827590783,120226643827600783,120226643827590783,1.2022664382758078e+17,TH-063-SILBOO,1.2022664382759078e+17,ICP Pet Parent,1.2022664382760078e+17,TH-063-SILBOO,True,[ True  True],True,True
gid://shopify/Order/6337140949081,TC-001/25-26/4862,2025-07-01 10:28:59,799.0,INR,Mumbai,Maharashtra,India,211.0,588.0,73.59198998748435,1,TH-037-MISTBRU,1,1,Instagram,customer_journey,120221343090860783,content,ig,120221341262910783,120221343090860783,120221343090860783,120221341262900783,1.2022134126291078e+17,TH - Adv+ Shopping-2 - Video & Image - IG & FB - India - Sales - 04/05/2025,1.2022134126290078e+17,1MHO - Adv+ (Exc. Purchases (30D)),1.2022134309086078e+17,TH-037-MISTBRU-ET101-SI210-ET137-ET139 – Copy 2,True,[],True,True
gid://shopify/Order/6337161855065,TC-001/25-26/4864,2025-07-01 10:48:02,2199.0,INR,Navi Mumbai,Maharashtra,India,826.0,1373.0,62.43747157799,1,TH-068-WILD-XXL,1,1,Facebook,customer_journey,120226595001660783,content,fb,120226594464060783,120226595001650783,120226595001660783,120226595001650783,1.2022659446406078e+17,TH-068-WILD - Alternate Twin,1.2022659500165078e+17,Luxury Spenders,1.2022659500166078e+17,TH-068-WILD_VP001_ET101,True,[],True,True
gid://shopify/Order/6337173356633,TC-001/25-26/4865,2025-07-01 11:03:29,2099.0,INR,Ujjain,Madhya Pradesh,India,788.0,1311.0,62.45831348261077,1,TH-068-WILD-XL,1,1,Direct/Unknown,,,,,,,,,,,,,,,True,[ True  True],False,False
gid://shopify/Order/6337189904473,TC-001/25-26/4867,2025-07-01 11:23:37,549.0,INR,Indore,Madhya Pradesh,India,196.0,303.0,55.19125683060109,1,TH-010-PETWIP,1,1,Direct/Unknown,customer_journey,120225742896290783,content,,paid,120225742159220783,120225742896290783,120225742896310783,1.2022574215922078e+17,TH-068-WILD,1.2022574289631078e+17,Adventure Trekkers,1.2022574289629078e+17,TH-068-WILD_VP001_ET101,True,[ True  True  True],True,False
gid://shopify/Order/6337227194457,TC-001/25-26/4868,2025-07-01 12:09:57,2698.0,INR,Ahmedabad,Gujarat,India,936.0,1762.0,65.30763528539659,2,"TH-068-WILD-M, TH-037-MISTBRU",2,2,Instagram,customer_journey,120226594464050783,content,ig,120226594464060783,120226594464070783,120226594464050783,120226594464070783,1.2022659446406078e+17,TH-068-WILD - Alternate Twin,1.2022659446407078e+17,Tier 2 Pet Parents,1.2022659446405078e+17,TH-068-WILD_VP001_ET101,True,[ True  True],True,True
gid://shopify/Order/6337256292441,TC-001/25-26/4869,2025-07-01 12:46:10,1799.0,INR,Satna,Madhya Pradesh,India,682.0,1117.0,62.09005002779322,1,TH-068-WILD-S,1,1,Facebook,customer_journey,120226390275260783,content,fb,120226390275250783,120226390275240783,120226390275260783,120226390275240783,1.2022639027525078e+17,TH-053-JACKET,1.2022639027524078e+17,Urban Pet Parents,1.2022639027526078e+17,TH-053-JACKET_ET156_IM259,True,[ True  True  True],True,True
gid://shopify/Order/6337257078873,TC-001/25-26/4870,2025-07-01 12:47:28,2199.0,INR,Morak,Rajasthan,India,826.0,1373.0,62.43747157799,1,TH-068-WILD-XXL,1,1,Facebook,customer_journey,120226594464050783,content,fb,120226594464060783,120226594464070783,120226594464050783,120226594464070783,1.2022659446406078e+17,TH-068-WILD - Alternate Twin,1.2022659446407078e+17,Tier 2 Pet Parents,1.2022659446405078e+17,TH-068-WILD_VP001_ET101,True,[ True  True  True],True,True
gid://shopify/Order/6337309540441,TC-001/25-26/4871,2025-07-01 13:44:21,1799.0,INR,New Delhi,Delhi,India,682.0,1117.0,62.09005002779322,1,TH-068-WILD-S,1,1,Facebook,customer_journey,Facebook_UA,content,facebook,paid,,Facebook_UA,,,Unknown Campaign - Facebook,,Unknown Adset - Facebook,,Unknown Ad - Facebook,True,[ True  True  True],True,True
gid://shopify/Order/6337381302361,TC-001/25-26/4872,2025-07-01 15:12:01,2099.0,INR,Greater Noida,Uttar Pradesh,India,1121.0,978.0,46.59361600762268,1,TH-073-SMARTSIP,1,1,Instagram,customer_journey,120226156067010783,content,ig,120226153793680783,120226156066990783,120226156067010783,120226156066990783,1.2022615379368078e+17,TH-073-SMARTSIP,1.2022615606699078e+17,ICP Pet Parent,1.2022615606701078e+17,TH-073-SMARTSIP_VP048_ET122,True,[],True,True
gid://shopify/Order/6337414922329,TC-001/25-26/4873,2025-07-01 16:03:38,2099.0,INR,Mumbai,Maharashtra,India,788.0,1311.0,62.45831348261077,1,TH-068-WILD-XL,1,1,Direct/Unknown,customer_journey,120226090519040783,content,,paid,120226090519070783,120226090519040783,120226090519050783,1.2022609051907078e+17,TH-068-WILD – Life Time,1.2022609051905078e+17,ICP Pet Parent,1.2022609051904078e+17,TH-068-WILD_VP001_ET101,True,[ True  True  True],True,False
gid://shopify/Order/6337440251993,TC-001/25-26/4874,2025-07-01 16:34:32,919.0,INR,Patiala,Punjab,India,354.0,565.0,61.47986942328618,1,TH-003-NTTOSH,1,1,Facebook,customer_journey,Facebook_UA,content,facebook,paid,120226090519070783,Facebook_UA,120226090519050783,,Unknown Campaign - Facebook,,Unknown Adset - Facebook,,Unknown Ad - Facebook,True,[],True,True
gid://shopify/Order/6337451622489,TC-001/25-26/4875,2025-07-01 16:46:16,1599.0,INR,Moradabad,Uttar Pradesh,India,582.0,1017.0,63.60225140712945,1,TH-063-SILBOO-L,1,1,Facebook,customer_journey,120226643827600783,content,fb,120226643827580783,120226643827590783,120226643827600783,120226643827590783,1.2022664382758078e+17,TH-063-SILBOO,1.2022664382759078e+17,ICP Pet Parent,1.2022664382760078e+17,TH-063-SILBOO,True,[ True  True  True],True,True
gid://shopify/Order/6337510867033,TC-001/25-26/4876,2025-07-01 17:50:09,1899.0,INR,Bengaluru,Karnataka,India,725.0,1174.0,61.822011585044756,1,TH-068-WILD-M,1,1,Facebook,customer_journey,120226090519040783,content,facebook,paid,120226090519070783,120226090519040783,120226090519050783,1.2022609051907078e+17,TH-068-WILD – Life Time,1.2022609051905078e+17,ICP Pet Parent,1.2022609051904078e+17,TH-068-WILD_VP001_ET101,True,[ True  True  True],True,True
gid://shopify/Order/6337582989401,TC-001/25-26/4878,2025-07-01 18:50:09,2399.0,INR,Pimpri-Chinchwad,Maharashtra,India,832.0,1567.0,65.3188828678616,1,TH-053-COAT-XXL,1,1,Instagram,customer_journey,120226599037810783,content,ig,120226599037790783,120226599037750783,120226599037810783,120226599037750783,1.2022659903779078e+17,TH-053-JACKET – Life Time,1.2022659903775078e+17,ICP Pet Parent,1.2022659903781078e+17,TH-053-JACKET_ET156_IM259,True,[ True  True  True],True,True
gid://shopify/Order/6337597046873,TC-001/25-26/4879,2025-07-01 19:00:10,2499.0,INR,Gurugram,Haryana,India,879.0,1620.0,64.82593037214886,1,TH-053-COAT-XXXL,1,1,Facebook,customer_journey,120226599955740783,content,fb,120226599037790783,120226599955750783,120226599955740783,120226599955750783,1.2022659903779078e+17,TH-053-JACKET – Life Time,1.2022659995575078e+17,Remarketing,1.2022659995574078e+17,TH-053-JACKET_ET156_IM259,True,[ True  True  True],True,True
gid://shopify/Order/6337600225369,TC-001/25-26/4880,2025-07-01 19:02:57,1999.0,INR,Mumbai,Maharashtra,India,988.0,1011.0,50.57528764382191,1,TH-056-UMB,1,1,Facebook,customer_journey,120226087546270783,content,facebook,paid,120226087546250783,120226087546270783,120226087546290783,1.2022608754625078e+17,TH-056-UMB,1.2022608754629078e+17,ICP Pet Parent,1.2022608754627078e+17,TH-056-UMB_ET139_VP007,True,[ True  True  True],True,True
gid://shopify/Order/6337617100889,TC-001/25-26/4881,2025-07-01 19:15:14,2199.0,INR,Shimla,Himachal Pradesh,India,826.0,1373.0,62.43747157799,1,TH-068-WILD-XXL,1,1,Facebook,customer_journey,120226090519060783,content,facebook,paid,120226090519070783,120226090519060783,120226090519120783,1.2022609051907078e+17,TH-068-WILD – Life Time,1.2022609051912078e+17,Urban Pet Parents,1.2022609051906078e+17,TH-068-WILD_VP001_ET101,True,[],True,True
gid://shopify/Order/6337633353817,TC-001/25-26/4882,2025-07-01 19:26:59,1399.0,INR,Jaipur,Rajasthan,India,541.0,858.0,61.329521086490345,1,TH-063-SILBOO-S,1,1,Instagram,customer_journey,120226643827630783,content,ig,120226643827580783,120226643827610783,120226643827630783,120226643827610783,1.2022664382758078e+17,TH-063-SILBOO,1.2022664382761078e+17,Urban Pet Parents,1.2022664382763078e+17,TH-063-SILBOO,True,[],True,True
gid://shopify/Order/6337730150489,TC-001/25-26/4883,2025-07-01 20:27:30,1999.0,INR,New Delhi,Delhi,India,751.0,1248.0,62.4312156078039,1,TH-068-WILD-L,1,1,Facebook,customer_journey,120226090519060783,content,facebook,paid,120226090519070783,120226090519060783,120226090519120783,1.2022609051907078e+17,TH-068-WILD – Life Time,1.2022609051912078e+17,Urban Pet Parents,1.2022609051906078e+17,TH-068-WILD_VP001_ET101,True,[ True  True  True],True,True
gid://shopify/Order/6337742864473,TC-001/25-26/4884,2025-07-01 20:35:25,1699.0,INR,Mumbai,Maharashtra,India,473.0,1226.0,72.16009417304296,1,TH-053-COAT-S,1,1,Instagram,customer_journey,120226599955740783,content,ig,120226599037790783,120226599955750783,120226599955740783,120226599955750783,1.2022659903779078e+17,TH-053-JACKET – Life Time,1.2022659995575078e+17,Remarketing,1.2022659995574078e+17,TH-053-JACKET_ET156_IM259,True,[ True  True  True],True,True
gid://shopify/Order/6337814593625,TC-001/25-26/4885,2025-07-01 21:18:54,799.0,INR,Gurugram,Haryana,India,211.0,588.0,73.59198998748435,1,TH-037-MISTBRU,1,1,Facebook,customer_journey,120221343090860783,content,fb,120221341262910783,120221343090860783,120221343090860783,120221341262900783,1.2022134126291078e+17,TH - Adv+ Shopping-2 - Video & Image - IG & FB - India - Sales - 04/05/2025,1.2022134126290078e+17,1MHO - Adv+ (Exc. Purchases (30D)),1.2022134309086078e+17,TH-037-MISTBRU-ET101-SI210-ET137-ET139 – Copy 2,True,[ True  True  True],True,True
gid://shopify/Order/6337829732441,TC-001/25-26/4886,2025-07-01 21:28:26,2898.0,INR,Pune,Maharashtra,India,1332.0,1566.0,54.037267080745345,2,"TH-073-SMARTSIP, TH-037-MISTBRU",2,2,Direct/Unknown,,,,,,,,,,,,,,,True,[ True  True],False,False
gid://shopify/Order/6337846149209,TC-001/25-26/4887,2025-07-01 21:38:22,2699.0,INR,Bengaluru,Karnataka,India,1673.0,1026.0,38.01407928862542,1,TH-075-NAPDEN-L,1,1,Instagram,customer_journey,120226870914920783,content,ig,120226869972100783,120226870914930783,120226870914920783,120226870914930783,1.2022686997210078e+17,TH-075-NAPDEN,1.2022687091493078e+17,Luxury Buyers,1.2022687091492078e+17,TH-075-NAPDEN_SI223_VP031,True,[ True  True  True],True,True
gid://shopify/Order/6337876590681,TC-001/25-26/4888,2025-07-01 21:57:53,2099.0,INR,Bengaluru,Karnataka,India,1121.0,978.0,46.59361600762268,1,TH-073-SMARTSIP,1,1,Instagram,customer_journey,120226156067000783,content,ig,120226153793680783,120226156066980783,120226156067000783,120226156066980783,1.2022615379368078e+17,TH-073-SMARTSIP,1.2022615606698078e+17,Cat Lover,1.2022615606700078e+17,TH-073-SMARTSIP_VP048_ET122,True,[ True  True  True],True,True
gid://shopify/Order/6337950646361,TC-001/25-26/4890,2025-07-01 22:42:02,2999.0,INR,Mumbai,Maharashtra,India,1015.0,1984.0,66.15538512837612,1,TH-064-LITTER,1,1,Direct/Unknown,,,,,,,,,,,,,,,True,[],False,False
gid://shopify/Order/6338129264729,TC-001/25-26/4892,2025-07-02 00:37:20,1799.0,INR,Raipur,Chhattisgarh,India,682.0,1117.0,62.09005002779322,1,TH-068-WILD-S,1,1,Facebook,customer_journey,120226090519060783,content,facebook,paid,120226090519070783,120226090519060783,120226090519120783,1.2022609051907078e+17,TH-068-WILD – Life Time,1.2022609051912078e+17,Urban Pet Parents,1.2022609051906078e+17,TH-068-WILD_VP001_ET101,True,[ True  True  True],True,True
gid://shopify/Order/6338583101529,TC-001/25-26/4895,2025-07-02 06:15:50,1599.0,INR,Pune,Maharashtra,India,818.0,781.0,48.843026891807376,1,TH-012-SNUGBOO-M,1,1,Direct/Unknown,,,,,,,,,,,,,,,True,[],False,False
gid://shopify/Order/6338598371417,TC-001/25-26/4896,2025-07-02 06:28:48,2199.0,INR,Aurangabad,Maharashtra,India,743.0,1456.0,66.2119145065939,1,TH-053-COAT-XL,1,1,Instagram,customer_journey,120226390275210783,content,ig,120226390275250783,120226390275220783,120226390275210783,120226390275220783,1.2022639027525078e+17,TH-053-JACKET,1.2022639027522078e+17,Backpacking,1.2022639027521078e+17,TH-053-JACKET_ET156_IM259,True,[],True,True
gid://shopify/Order/6338621440089,TC-001/25-26/4897,2025-07-02 06:48:05,2399.0,INR,Pune,Maharashtra,India,832.0,1567.0,65.3188828678616,1,TH-053-COAT-XXL,1,1,Direct/Unknown,,,,,,,,,,,,,,,True,[],False,False
gid://shopify/Order/6338706800729,TC-001/25-26/4898,2025-07-02 08:03:53,1099.0,INR,Kolkata,West Bengal,India,397.0,702.0,63.87625113739763,1,TH-038-PAWTR,1,1,Google,customer_journey,sag_organic,content,google,product_sync,sag_organic,sag_organic,,,Unknown Campaign - Google,,Unknown Adset - Google,,Unknown Ad - Google,True,[ True  True],True,True
gid://shopify/Order/6338723381337,TC-001/25-26/4899,2025-07-02 08:19:28,1099.0,INR,Bengaluru,Karnataka,India,397.0,702.0,63.87625113739763,1,TH-038-PAWTR,1,1,Google,customer_journey,sag_organic,content,google,product_sync,sag_organic,sag_organic,,,Unknown Campaign - Google,,Unknown Adset - Google,,Unknown Ad - Google,True,[ True  True],True,True
gid://shopify/Order/6338731081817,TC-001/25-26/4900,2025-07-02 08:27:08,2099.0,INR,Mumbai,Maharashtra,India,788.0,1311.0,62.45831348261077,1,TH-068-WILD-XL,1,1,Direct/Unknown,customer_journey,120226090519060783,content,,paid,120226090519070783,120226090519060783,120226090519120783,1.2022609051907078e+17,TH-068-WILD – Life Time,1.2022609051912078e+17,Urban Pet Parents,1.2022609051906078e+17,TH-068-WILD_VP001_ET101,True,[ True  True  True],True,False
gid://shopify/Order/6338752905305,TC-001/25-26/4901,2025-07-02 08:49:56,2099.0,INR,Durg,Chhattisgarh,India,788.0,1311.0,62.45831348261077,1,TH-068-WILD-XL,1,1,Instagram,customer_journey,120226390275200783,content,ig,120226390275250783,120226390275230783,120226390275200783,120226390275230783,1.2022639027525078e+17,TH-053-JACKET,1.2022639027523078e+17,ICP Pet Parent,1.2022639027520078e+17,TH-053-JACKET_ET156_IM259,True,[ True  True  True],True,True
gid://shopify/Order/6338786230361,TC-001/25-26/4902,2025-07-02 09:26:04,2199.0,INR,Mumbai,Maharashtra,India,826.0,1373.0,62.43747157799,1,TH-068-WILD-XXL,1,1,Direct/Unknown,,,,,,,,,,,,,,,True,[ True  True],False,False
gid://shopify/Order/6338797207641,TC-001/25-26/4904,2025-07-02 09:37:49,2399.0,INR,Kakinada,Andhra Pradesh,India,832.0,1567.0,65.3188828678616,1,TH-053-COAT-XXL,1,1,Facebook,customer_journey,120226390275210783,content,fb,120226390275250783,120226390275220783,120226390275210783,120226390275220783,1.2022639027525078e+17,TH-053-JACKET,1.2022639027522078e+17,Backpacking,1.2022639027521078e+17,TH-053-JACKET_ET156_IM259,True,[],True,True
gid://shopify/Order/6338807332953,TC-001/25-26/4905,2025-07-02 09:46:44,598.0,INR,Ayodhya,Uttar Pradesh,India,396.0,202.0,33.77926421404682,1,TH-006-FLEBRU,1,2,Google,customer_journey,sag_organic,content,google,product_sync,sag_organic,sag_organic,,,Unknown Campaign - Google,,Unknown Adset - Google,,Unknown Ad - Google,True,[ True  True],True,True
gid://shopify/Order/6338834137177,TC-001/25-26/4906,2025-07-02 10:01:48,1799.0,INR,Gurugram,Haryana,India,831.0,968.0,53.8076709282935,1,TH-075-NAPDEN-S,1,1,Instagram,customer_journey,120226870914910783,content,ig,120226869972100783,120226870914940783,120226870914910783,120226870914940783,1.2022686997210078e+17,TH-075-NAPDEN,1.2022687091494078e+17,ICP Pet Parent,1.2022687091491078e+17,TH-075-NAPDEN_SI223_VP031,True,[ True  True  True],True,True
gid://shopify/Order/6338843443289,TC-001/25-26/4907,2025-07-02 10:13:35,4398.0,INR,Indore,Madhya Pradesh,India,1569.0,2829.0,64.32469304229194,2,"TH-068-WILD-XXL, TH-053-COAT-XL",2,2,Facebook,customer_journey,120226090519040783,content,facebook,paid,120226090519070783,120226090519040783,120226090519050783,1.2022609051907078e+17,TH-068-WILD – Life Time,1.2022609051905078e+17,ICP Pet Parent,1.2022609051904078e+17,TH-068-WILD_VP001_ET101,True,[ True  True  True],True,True
gid://shopify/Order/6338846556249,TC-001/25-26/4908,2025-07-02 10:17:36,2099.0,INR,Kolhapur,Maharashtra,India,788.0,1311.0,62.45831348261077,1,TH-068-WILD-XL,1,1,Facebook,customer_journey,120226090519060783,content,facebook,paid,120226090519070783,120226090519060783,120226090519120783,1.2022609051907078e+17,TH-068-WILD – Life Time,1.2022609051912078e+17,Urban Pet Parents,1.2022609051906078e+17,TH-068-WILD_VP001_ET101,True,[ True  True  True],True,True
gid://shopify/Order/6338852356185,TC-001/25-26/4909,2025-07-02 10:24:10,899.0,INR,Bengaluru,Karnataka,India,735.0,164.0,18.24249165739711,1,TH-066-SCOOP,1,1,Direct/Unknown,,,,,,,,,,,,,,,True,[ True  True],False,False
gid://shopify/Order/6338872672345,TC-001/25-26/4912,2025-07-02 10:50:10,2099.0,INR,Nashik,Maharashtra,India,788.0,1311.0,62.45831348261077,1,TH-068-WILD-XL,1,1,Facebook,customer_journey,120226090519060783,content,facebook,paid,120226090519070783,120226090519060783,120226090519120783,1.2022609051907078e+17,TH-068-WILD – Life Time,1.2022609051912078e+17,Urban Pet Parents,1.2022609051906078e+17,TH-068-WILD_VP001_ET101,True,[ True  True  True],True,True
gid://shopify/Order/6338950299737,TC-001/25-26/4913,2025-07-02 12:52:36,2698.0,INR,Nuna Majra,Haryana,India,1215.0,1483.0,54.966641957005194,2,"TH-038-PAWTR, TH-012-SNUGBOO-M",2,2,Facebook,customer_journey,120225742160050783,content,facebook,paid,120225742159220783,120225742160050783,120225742159420783,1.2022574215922078e+17,TH-068-WILD,1.2022574215942078e+17,Urban Pet Parents,1.2022574216005078e+17,TH-068-WILD_VP001_ET101,True,[ True  True  True],True,True
gid://shopify/Order/6338950594649,TC-001/25-26/4914,2025-07-02 12:53:09,2918.0,INR,Thane,Maharashtra,India,1105.0,1813.0,62.131596984235784,2,"TH-002-SKMISH, TH-068-WILD-L",2,2,Google,customer_journey,sag_organic,content,google,product_sync,sag_organic,sag_organic,,,Unknown Campaign - Google,,Unknown Adset - Google,,Unknown Ad - Google,True,[ True  True],True,True
gid://shopify/Order/6338957377625,TC-001/25-26/4915,2025-07-02 13:06:06,2099.0,INR,Pune,Maharashtra,India,1121.0,978.0,46.59361600762268,1,TH-073-SMARTSIP,1,1,Facebook,customer_journey,120226156067000783,content,fb,120226153793680783,120226156066980783,120226156067000783,120226156066980783,1.2022615379368078e+17,TH-073-SMARTSIP,1.2022615606698078e+17,Cat Lover,1.2022615606700078e+17,TH-073-SMARTSIP_VP048_ET122,True,[ True  True  True],True,True
gid://shopify/Order/6338962489433,TC-001/25-26/4916,2025-07-02 13:13:53,2099.0,INR,New Delhi,Delhi,India,1121.0,978.0,46.59361600762268,1,TH-073-SMARTSIP,1,1,Direct/Unknown,,,,,,,,,,,,,,,True,[ True  True  True],False,False
gid://shopify/Order/6338963210329,TC-001/25-26/4917,2025-07-02 13:15:07,2099.0,INR,Chinchinim,Goa,India,788.0,1311.0,62.45831348261077,1,TH-068-WILD-XL,1,1,Google,customer_journey,sag_organic,content,google,product_sync,sag_organic,sag_organic,,,Unknown Campaign - Google,,Unknown Adset - Google,,Unknown Ad - Google,True,[ True  True],True,True
gid://shopify/Order/6338979692633,TC-001/25-26/4918,2025-07-02 13:35:03,1999.0,INR,Hyderabad,Telangana,India,751.0,1248.0,62.4312156078039,1,TH-068-WILD-L,1,1,Google,customer_journey,sag_organic,content,google,product_sync,sag_organic,sag_organic,,,Unknown Campaign - Google,,Unknown Adset - Google,,Unknown Ad - Google,True,[ True  True],True,True
gid://shopify/Order/6338997452889,TC-001/25-26/4919,2025-07-02 13:42:38,1799.0,INR,Nemam,Tamil Nadu,India,682.0,1117.0,62.09005002779322,1,TH-068-WILD-S,1,1,Direct/Unknown,customer_journey,120226068077090783,content,,paid,120225742159220783,120226068077090783,120226068077080783,1.2022574215922078e+17,TH-068-WILD,1.2022606807708078e+17,Remarketing-Custom Audience,1.2022606807709078e+17,TH-068-WILD_VP001_ET101,True,[ True  True  True],True,False
gid://shopify/Order/6339003088985,TC-001/25-26/4920,2025-07-02 13:45:07,1999.0,INR,Kolkata,West Bengal,India,950.0,1049.0,52.47623811905952,1,TH-072-AEROPOD-PINK,1,1,Instagram,customer_journey,120226672305550783,content,ig,120226671972840783,120226672305530783,120226672305550783,120226672305530783,1.2022667197284078e+17,TH-072-AEROPOD,1.2022667230553078e+17,Frequent Travellers,1.2022667230555078e+17,TH-072-AEROPOD_ET113_IM253,True,[],True,True
gid://shopify/Order/6339026518105,TC-001/25-26/4921,2025-07-02 14:18:45,2099.0,INR,Munbai,Maharashtra,India,788.0,1311.0,62.45831348261077,1,TH-068-WILD-XL,1,1,Facebook,customer_journey,120226090519040783,content,facebook,paid,120226090519070783,120226090519040783,120226090519050783,1.2022609051907078e+17,TH-068-WILD – Life Time,1.2022609051905078e+17,ICP Pet Parent,1.2022609051904078e+17,TH-068-WILD_VP001_ET101,True,[],True,True
gid://shopify/Order/6339079995481,TC-001/25-26/4922,2025-07-02 15:41:09,1799.0,INR,Dona Paula,Goa,India,682.0,1117.0,62.09005002779322,1,TH-068-WILD-S,1,1,Instagram,customer_journey,120226595001660783,content,ig,120226594464060783,120226595001650783,120226595001660783,120226595001650783,1.2022659446406078e+17,TH-068-WILD - Alternate Twin,1.2022659500165078e+17,Luxury Spenders,1.2022659500166078e+17,TH-068-WILD_VP001_ET101,True,[ True  True  True],True,True
gid://shopify/Order/6339091562585,TC-001/25-26/4923,2025-07-02 15:54:20,2499.0,INR,Hyderabad,Telangana,India,879.0,1620.0,64.82593037214886,1,TH-053-COAT-XXXL,1,1,Instagram,customer_journey,120226390275210783,content,ig,120226390275250783,120226390275220783,120226390275210783,120226390275220783,1.2022639027525078e+17,TH-053-JACKET,1.2022639027522078e+17,Backpacking,1.2022639027521078e+17,TH-053-JACKET_ET156_IM259,True,[ True  True  True],True,True
gid://shopify/Order/6339131244633,TC-001/25-26/4924,2025-07-02 16:41:57,2099.0,INR,Noida,Uttar Pradesh,India,788.0,1311.0,62.45831348261077,1,TH-068-WILD-XL,1,1,Direct/Unknown,,,,,,,,,,,,,,,True,[],False,False
gid://shopify/Order/6339142811737,TC-001/25-26/4925,2025-07-02 16:53:47,1899.0,INR,Thane,Maharashtra,India,725.0,1174.0,61.822011585044756,1,TH-068-WILD-M,1,1,Google,customer_journey,sag_organic,content,google,product_sync,sag_organic,sag_organic,,,Unknown Campaign - Google,,Unknown Adset - Google,,Unknown Ad - Google,True,[],True,True
gid://shopify/Order/6339145859161,TC-001/25-26/4926,2025-07-02 16:58:01,1999.0,INR,Bengaluru,Karnataka,India,1059.0,940.0,47.02351175587794,1,TH-075-NAPDEN-M,1,1,Instagram,customer_journey,120226870914920783,content,ig,120226869972100783,120226870914930783,120226870914920783,120226870914930783,1.2022686997210078e+17,TH-075-NAPDEN,1.2022687091493078e+17,Luxury Buyers,1.2022687091492078e+17,TH-075-NAPDEN_SI223_VP031,True,[ True  True  True],True,True
gid://shopify/Order/6339184689241,TC-001/25-26/4927,2025-07-02 17:39:31,1799.0,INR,New Delhi,Delhi,India,682.0,1117.0,62.09005002779322,1,TH-068-WILD-S,1,1,Direct/Unknown,,,,,,,,,,,,,,,True,[ True  True],False,False
gid://shopify/Order/6339244720217,TC-001/25-26/4928,2025-07-02 18:35:50,2499.0,INR,Palanpur,Gujarat,India,879.0,1620.0,64.82593037214886,1,TH-053-COAT-XXXL,1,1,Instagram,customer_journey,120226390275200783,content,ig,120226390275250783,120226390275230783,120226390275200783,120226390275230783,1.2022639027525078e+17,TH-053-JACKET,1.2022639027523078e+17,ICP Pet Parent,1.2022639027520078e+17,TH-053-JACKET_ET156_IM259,True,[ True  True  True],True,True
gid://shopify/Order/6339266379865,TC-001/25-26/4929,2025-07-02 18:53:01,1899.0,INR,Surat,Gujarat,India,725.0,1174.0,61.822011585044756,1,TH-068-WILD-M,1,1,Facebook,customer_journey,Facebook_UA,content,facebook,paid,,Facebook_UA,,,Unknown Campaign - Facebook,,Unknown Adset - Facebook,,Unknown Ad - Facebook,True,[],True,True
gid://shopify/Order/6339281158233,TC-001/25-26/4930,2025-07-02 19:06:17,2199.0,INR,Hyderabad,Telangana,India,826.0,1373.0,62.43747157799,1,TH-068-WILD-XXL,1,1,Facebook,customer_journey,120225742160050783,content,facebook,paid,120225742159220783,120225742160050783,120225742159420783,1.2022574215922078e+17,TH-068-WILD,1.2022574215942078e+17,Urban Pet Parents,1.2022574216005078e+17,TH-068-WILD_VP001_ET101,True,[ True  True  True],True,True
gid://shopify/Order/6339291676761,TC-001/25-26/4931,2025-07-02 19:14:52,1099.0,INR,Bhopal,Madhya Pradesh,India,397.0,702.0,63.87625113739763,1,TH-038-PAWTR,1,1,Google,customer_journey,sag_organic,content,google,product_sync,sag_organic,sag_organic,,,Unknown Campaign - Google,,Unknown Adset - Google,,Unknown Ad - Google,True,[ True  True],True,True
gid://shopify/Order/6339354591321,TC-001/25-26/4932,2025-07-02 20:03:06,1999.0,INR,Mumbai,Maharashtra,India,751.0,1248.0,62.4312156078039,1,TH-068-WILD-L,1,1,Facebook,customer_journey,120226090519040783,content,facebook,paid,120226090519070783,120226090519040783,120226090519050783,1.2022609051907078e+17,TH-068-WILD – Life Time,1.2022609051905078e+17,ICP Pet Parent,1.2022609051904078e+17,TH-068-WILD_VP001_ET101,True,[ True  True  True],True,True
gid://shopify/Order/6339383001177,TC-001/25-26/4933,2025-07-02 20:21:32,2099.0,INR,Ahmedabad,Gujarat,India,1121.0,978.0,46.59361600762268,1,TH-073-SMARTSIP,1,1,Instagram,customer_journey,120226156067010783,content,ig,120226153793680783,120226156066990783,120226156067010783,120226156066990783,1.2022615379368078e+17,TH-073-SMARTSIP,1.2022615606699078e+17,ICP Pet Parent,1.2022615606701078e+17,TH-073-SMARTSIP_VP048_ET122,True,[ True  True  True],True,True
gid://shopify/Order/6339402760281,TC-001/25-26/4934,2025-07-02 20:32:41,2199.0,INR,Ahmedabad,Gujarat,India,826.0,1373.0,62.43747157799,1,TH-068-WILD-XXL,1,1,Facebook,customer_journey,120226090519040783,content,facebook,paid,120226090519070783,120226090519040783,120226090519050783,1.2022609051907078e+17,TH-068-WILD – Life Time,1.2022609051905078e+17,ICP Pet Parent,1.2022609051904078e+17,TH-068-WILD_VP001_ET101,True,[ True  True  True],True,True
gid://shopify/Order/6339539370073,TC-001/25-26/4938,2025-07-02 22:01:24,799.0,INR,Banglore,Karnataka,India,211.0,588.0,73.59198998748435,1,TH-037-MISTBRU,1,1,Facebook,customer_journey,120226390275210783,content,fb,120226390275250783,120226390275220783,120226390275210783,120226390275220783,1.2022639027525078e+17,TH-053-JACKET,1.2022639027522078e+17,Backpacking,1.2022639027521078e+17,TH-053-JACKET_ET156_IM259,True,[ True  True  True  True],True,True
gid://shopify/Order/6339550085209,TC-001/25-26/4939,2025-07-02 22:07:28,1799.0,INR,Junnar,Maharashtra,India,652.0,1147.0,63.757643135075035,1,TH-063-SILBOO-XXL,1,1,Instagram,customer_journey,120226643827630783,content,ig,120226643827580783,120226643827610783,120226643827630783,120226643827610783,1.2022664382758078e+17,TH-063-SILBOO,1.2022664382761078e+17,Urban Pet Parents,1.2022664382763078e+17,TH-063-SILBOO,True,[ True  True  True],True,True
gid://shopify/Order/6339648192601,TC-001/25-26/4941,2025-07-02 23:08:09,2199.0,INR,Nashik,Maharashtra,India,743.0,1456.0,66.2119145065939,1,TH-053-COAT-XL,1,1,Instagram,customer_journey,120226390275210783,content,ig,120226390275250783,120226390275220783,120226390275210783,120226390275220783,1.2022639027525078e+17,TH-053-JACKET,1.2022639027522078e+17,Backpacking,1.2022639027521078e+17,TH-053-JACKET_ET156_IM259,True,[ True  True  True],True,True
gid://shopify/Order/6339727229017,TC-001/25-26/4942,2025-07-03 00:01:52,1899.0,INR,Mumbai,Maharashtra,India,657.0,1242.0,65.40284360189574,1,TH-053-COAT-L,1,1,Direct/Unknown,customer_journey,120226090519040783,content,,paid,120226090519070783,120226090519040783,120226090519050783,1.2022609051907078e+17,TH-068-WILD – Life Time,1.2022609051905078e+17,ICP Pet Parent,1.2022609051904078e+17,TH-068-WILD_VP001_ET101,True,[],True,False
gid://shopify/Order/6339870097497,TC-001/25-26/4943,2025-07-03 01:36:58,1999.0,INR,Navi munbai,Maharashtra,India,751.0,1248.0,62.4312156078039,1,TH-068-WILD-L,1,1,Google,customer_journey,sag_organic,content,google,product_sync,sag_organic,sag_organic,,,Unknown Campaign - Google,,Unknown Adset - Google,,Unknown Ad - Google,True,[ True  True],True,True
gid://shopify/Order/6340036755545,TC-001/25-26/4945,2025-07-03 03:34:53,2099.0,INR,Mumbai,Maharashtra,India,788.0,1311.0,62.45831348261077,1,TH-068-WILD-XL,1,1,Direct/Unknown,,,,,,,,,,,,,,,True,[ True  True  True],False,False
gid://shopify/Order/6340320460889,TC-001/25-26/4946,2025-07-03 07:36:42,2099.0,INR,Pune,Maharashtra,India,788.0,1311.0,62.45831348261077,1,TH-068-WILD-XL,1,1,Facebook,customer_journey,120225742160050783,content,facebook,paid,120225742159220783,120225742160050783,120225742159420783,1.2022574215922078e+17,TH-068-WILD,1.2022574215942078e+17,Urban Pet Parents,1.2022574216005078e+17,TH-068-WILD_VP001_ET101,True,[],True,True
gid://shopify/Order/6340321214553,TC-001/25-26/4947,2025-07-03 07:37:25,2199.0,INR,coimbatore,Tamil Nadu,India,826.0,1373.0,62.43747157799,1,TH-068-WILD-XXL,1,1,Google,customer_journey,sag_organic,content,google,product_sync,sag_organic,sag_organic,,,Unknown Campaign - Google,,Unknown Adset - Google,,Unknown Ad - Google,True,[],True,True
gid://shopify/Order/6340379312217,TC-001/25-26/4949,2025-07-03 08:32:10,1799.0,INR,New Delhi,Delhi,India,682.0,1117.0,62.09005002779322,1,TH-068-WILD-S,1,1,Facebook,customer_journey,120226090519040783,content,facebook,paid,120226090519070783,120226090519040783,120226090519050783,1.2022609051907078e+17,TH-068-WILD – Life Time,1.2022609051905078e+17,ICP Pet Parent,1.2022609051904078e+17,TH-068-WILD_VP001_ET101,True,[],True,True
gid://shopify/Order/6340401234009,TC-001/25-26/4951,2025-07-03 08:54:39,1899.0,INR,Delhi,Delhi,India,725.0,1174.0,61.822011585044756,1,TH-068-WILD-M,1,1,Google,customer_journey,sag_organic,content,google,product_sync,sag_organic,sag_organic,,,Unknown Campaign - Google,,Unknown Adset - Google,,Unknown Ad - Google,True,[],True,True
gid://shopify/Order/6340422238297,TC-001/25-26/4952,2025-07-03 09:16:09,2099.0,INR,Pune,Maharashtra,India,788.0,1311.0,62.45831348261077,1,TH-068-WILD-XL,1,1,Direct/Unknown,,,,,,,,,,,,,,,True,[ True  True],False,False
gid://shopify/Order/6340423909465,TC-001/25-26/4953,2025-07-03 09:18:08,1599.0,INR,Jabalpur,Madhya Pradesh,India,582.0,1017.0,63.60225140712945,1,TH-063-SILBOO-L,1,1,Instagram,customer_journey,120226643827600783,content,ig,120226643827580783,120226643827590783,120226643827600783,120226643827590783,1.2022664382758078e+17,TH-063-SILBOO,1.2022664382759078e+17,ICP Pet Parent,1.2022664382760078e+17,TH-063-SILBOO,True,[],True,True
gid://shopify/Order/6340448976985,TC-001/25-26/4954,2025-07-03 09:43:19,1499.0,INR,Bhubaneswar,Odisha,India,560.0,939.0,62.64176117411607,1,TH-063-SILBOO-M,1,1,Instagram,customer_journey,120226643827550783,content,ig,120226643827580783,120226643827570783,120226643827550783,120226643827570783,1.2022664382758078e+17,TH-063-SILBOO,1.2022664382757078e+17,Adventure Trekkers,1.2022664382755078e+17,TH-063-SILBOO,True,[ True  True  True],True,True
gid://shopify/Order/6340472733785,TC-001/25-26/4955,2025-07-03 09:55:37,2099.0,INR,Navi Mumbai,Maharashtra,India,788.0,1311.0,62.45831348261077,1,TH-068-WILD-XL,1,1,Facebook,customer_journey,120226090519060783,content,facebook,paid,120226090519070783,120226090519060783,120226090519120783,1.2022609051907078e+17,TH-068-WILD – Life Time,1.2022609051912078e+17,Urban Pet Parents,1.2022609051906078e+17,TH-068-WILD_VP001_ET101,True,[ True  True  True],True,True
gid://shopify/Order/6340498391129,TC-001/25-26/4956,2025-07-03 10:22:59,2199.0,INR,Surat,Gujarat,India,826.0,1373.0,62.43747157799,1,TH-068-WILD-XXL,1,1,Facebook,customer_journey,120226385444810783,content,facebook,paid,120226385444790783,120226385444810783,120226385444780783,1.2022638544479078e+17,TH-068-WILD – HARDSCALE,1.2022638544478078e+17,Remarketing-Custom Audience,1.2022638544481078e+17,TH-068-WILD_VP001_ET101,True,[],True,True
gid://shopify/Order/6340514807897,TC-001/25-26/4957,2025-07-03 10:39:20,2699.0,INR,Mumbai,Maharashtra,India,1673.0,1026.0,38.01407928862542,1,TH-075-NAPDEN-L,1,1,Direct/Unknown,,,,,,,,,,,,,,,True,[],False,False
gid://shopify/Order/6340522180697,TC-001/25-26/4958,2025-07-03 10:50:55,2099.0,INR,Chandrapur,Maharashtra,India,788.0,1311.0,62.45831348261077,1,TH-068-WILD-XL,1,1,Facebook,customer_journey,120226090519040783,content,facebook,paid,120226090519070783,120226090519040783,120226090519050783,1.2022609051907078e+17,TH-068-WILD – Life Time,1.2022609051905078e+17,ICP Pet Parent,1.2022609051904078e+17,TH-068-WILD_VP001_ET101,True,[],True,True
gid://shopify/Order/6340524769369,TC-001/25-26/4959,2025-07-03 10:54:19,2099.0,INR,Kadi,Gujarat,India,788.0,1311.0,62.45831348261077,1,TH-068-WILD-XL,1,1,Facebook,customer_journey,120226090519040783,content,facebook,paid,120226090519070783,120226090519040783,120226090519050783,1.2022609051907078e+17,TH-068-WILD – Life Time,1.2022609051905078e+17,ICP Pet Parent,1.2022609051904078e+17,TH-068-WILD_VP001_ET101,True,[ True  True  True],True,True
gid://shopify/Order/6340554293337,TC-001/25-26/4960,2025-07-03 11:36:20,2199.0,INR,Bhopal,Madhya Pradesh,India,826.0,1373.0,62.43747157799,1,TH-068-WILD-XXL,1,1,Direct/Unknown,,,,,,,,,,,,,,,True,[ True  True],False,False
gid://shopify/Order/6340555014233,TC-001/25-26/4961,2025-07-03 11:37:23,2099.0,INR,Mumbai,Maharashtra,India,788.0,1311.0,62.45831348261077,1,TH-068-WILD-XL,1,1,Direct/Unknown,,,,,,,,,,,,,,,True,[ True  True],False,False
gid://shopify/Order/6340562813017,TC-001/25-26/4962,2025-07-03 11:49:16,2099.0,INR,Siliguri,West Bengal,India,788.0,1311.0,62.45831348261077,1,TH-068-WILD-XL,1,1,Facebook,customer_journey,Facebook_UA,content,facebook,paid,,Facebook_UA,,,Unknown Campaign - Facebook,,Unknown Adset - Facebook,,Unknown Ad - Facebook,True,[],True,True
gid://shopify/Order/6340575002713,TC-001/25-26/4963,2025-07-03 12:09:06,1799.0,INR,Pune,Maharashtra,India,682.0,1117.0,62.09005002779322,1,TH-068-WILD-S,1,1,Direct/Unknown,,,,,,,,,,,,,,,True,[ True  True],False,False
gid://shopify/Order/6340587683929,TC-001/25-26/4964,2025-07-03 12:24:13,2199.0,INR,Bengaluru,Karnataka,India,826.0,1373.0,62.43747157799,1,TH-068-WILD-XXL,1,1,Google,customer_journey,sag_organic,content,google,product_sync,sag_organic,sag_organic,,,Unknown Campaign - Google,,Unknown Adset - Google,,Unknown Ad - Google,True,[],True,True
gid://shopify/Order/6340594892889,TC-001/25-26/4965,2025-07-03 12:34:51,549.0,INR,Bengaluru,Karnataka,India,196.0,303.0,55.19125683060109,1,TH-010-PETWIP,1,1,Google,customer_journey,sag_organic,content,google,product_sync,sag_organic,sag_organic,,,Unknown Campaign - Google,,Unknown Adset - Google,,Unknown Ad - Google,True,[],True,True
gid://shopify/Order/6340605476953,TC-001/25-26/4966,2025-07-03 12:48:05,799.0,INR,Gurgaon,Haryana,India,211.0,588.0,73.59198998748435,1,TH-037-MISTBRU,1,1,Instagram,customer_journey,120221343090860783,content,ig,120221341262910783,120221343090860783,120221343090860783,120221341262900783,1.2022134126291078e+17,TH - Adv+ Shopping-2 - Video & Image - IG & FB - India - Sales - 04/05/2025,1.2022134126290078e+17,1MHO - Adv+ (Exc. Purchases (30D)),1.2022134309086078e+17,TH-037-MISTBRU-ET101-SI210-ET137-ET139 – Copy 2,True,[ True  True  True],True,True
gid://shopify/Order/6340616585305,TC-001/25-26/4967,2025-07-03 13:03:38,2099.0,INR,Pune,Maharashtra,India,1121.0,978.0,46.59361600762268,1,TH-073-SMARTSIP,1,1,Instagram,customer_journey,120226156067010783,content,ig,120226153793680783,120226156066990783,120226156067010783,120226156066990783,1.2022615379368078e+17,TH-073-SMARTSIP,1.2022615606699078e+17,ICP Pet Parent,1.2022615606701078e+17,TH-073-SMARTSIP_VP048_ET122,True,[ True  True  True],True,True
gid://shopify/Order/6340657283161,TC-001/25-26/4968,2025-07-03 13:41:31,1099.0,INR,Pachora.dist jalgaon,Maharashtra,India,397.0,702.0,63.87625113739763,1,TH-038-PAWTR,1,1,Instagram,customer_journey,120220327473500783,content,ig,120218303994450783,120219313253170783,120220327473500783,120219313253170783,1.2021830399445078e+17,TH - Remarketing - Video - India - IG & FB - Sales - 29/03/2025,1.2021931325317078e+17,AS3 - Remarketing IC (30) – New,1.2022032747350078e+17,TH-036-PAWTR-ET139-SP368,True,[ True  True  True],True,True
gid://shopify/Order/6340683530329,TC-001/25-26/4969,2025-07-03 14:10:03,1198.0,INR,New Delhi,Delhi,India,405.0,793.0,66.19365609348915,2,"TH-008-CLIBRU, TH-037-MISTBRU",2,2,Instagram,customer_journey,120226390275200783,content,ig,120226390275250783,120226390275230783,120226390275200783,120226390275230783,1.2022639027525078e+17,TH-053-JACKET,1.2022639027523078e+17,ICP Pet Parent,1.2022639027520078e+17,TH-053-JACKET_ET156_IM259,True,[ True  True  True],True,True
gid://shopify/Order/6340701913177,TC-001/25-26/4971,2025-07-03 14:38:53,1699.0,INR,Thane,Maharashtra,India,473.0,1226.0,72.16009417304296,1,TH-053-COAT-S,1,1,Instagram,customer_journey,120226390275210783,content,ig,120226390275250783,120226390275220783,120226390275210783,120226390275220783,1.2022639027525078e+17,TH-053-JACKET,1.2022639027522078e+17,Backpacking,1.2022639027521078e+17,TH-053-JACKET_ET156_IM259,True,[ True  True  True],True,True
gid://shopify/Order/6340722163801,TC-001/25-26/4972,2025-07-03 15:12:38,799.0,INR,Mumbai,Maharashtra,India,211.0,588.0,73.59198998748435,1,TH-037-MISTBRU,1,1,Instagram,customer_journey,120221343090860783,content,ig,120221341262910783,120221343090860783,120221343090860783,120221341262900783,1.2022134126291078e+17,TH - Adv+ Shopping-2 - Video & Image - IG & FB - India - Sales - 04/05/2025,1.2022134126290078e+17,1MHO - Adv+ (Exc. Purchases (30D)),1.2022134309086078e+17,TH-037-MISTBRU-ET101-SI210-ET137-ET139 – Copy 2,True,[],True,True
gid://shopify/Order/6340726358105,TC-001/25-26/4973,2025-07-03 15:18:48,799.0,INR,Manipal,Karnataka,India,211.0,588.0,73.59198998748435,1,TH-037-MISTBRU,1,1,Facebook,customer_journey,Facebook_UA,content,facebook,paid,120226090519070783,Facebook_UA,120226090519120783,,Unknown Campaign - Facebook,,Unknown Adset - Facebook,,Unknown Ad - Facebook,True,[ True  True  True],True,True
gid://shopify/Order/6340741234777,TC-001/25-26/4974,2025-07-03 15:40:11,2199.0,INR,Kolkata,West Bengal,India,743.0,1456.0,66.2119145065939,1,TH-053-COAT-XL,1,1,Facebook,customer_journey,120226390275210783,content,fb,120226390275250783,120226390275220783,120226390275210783,120226390275220783,1.2022639027525078e+17,TH-053-JACKET,1.2022639027522078e+17,Backpacking,1.2022639027521078e+17,TH-053-JACKET_ET156_IM259,True,[],True,True
gid://shopify/Order/6340749066329,TC-001/25-26/4975,2025-07-03 15:52:52,1999.0,INR,Jaipur,Rajasthan,India,988.0,1011.0,50.57528764382191,1,TH-056-UMB,1,1,Instagram,customer_journey,120226812136760783,content,ig,120226087546250783,120226812136770783,120226812136760783,120226812136770783,1.2022608754625078e+17,TH-056-UMB,1.2022681213677078e+17,Tier 2 & 3 Pet Parents,1.2022681213676078e+17,TH-056-UMB_ET139_VP007,True,[],True,True
gid://shopify/Order/6340768137305,TC-001/25-26/4976,2025-07-03 16:19:46,2199.0,INR,Ahmedabad,Gujarat,India,826.0,1373.0,62.43747157799,1,TH-068-WILD-XXL,1,1,Google,customer_journey,sag_organic,content,google,product_sync,sag_organic,sag_organic,,,Unknown Campaign - Google,,Unknown Adset - Google,,Unknown Ad - Google,True,[ True  True],True,True
gid://shopify/Order/6340841046105,TC-001/25-26/4977,2025-07-03 17:40:04,3898.0,INR,Bangalore,Karnataka,India,1476.0,2422.0,62.13442791174961,2,"TH-068-WILD-M, TH-068-WILD-L",2,2,Direct/Unknown,,,,,,,,,,,,,,,True,[ True  True  True],False,False
gid://shopify/Order/6340850188377,TC-001/25-26/4978,2025-07-03 17:49:45,1899.0,INR,Pune,Maharashtra,India,657.0,1242.0,65.40284360189574,1,TH-053-COAT-L,1,1,Facebook,customer_journey,120226390275200783,content,fb,120226390275250783,120226390275230783,120226390275200783,120226390275230783,1.2022639027525078e+17,TH-053-JACKET,1.2022639027523078e+17,ICP Pet Parent,1.2022639027520078e+17,TH-053-JACKET_ET156_IM259,True,[ True  True  True],True,True
gid://shopify/Order/6340868341849,TC-001/25-26/4979,2025-07-03 18:07:47,1799.0,INR,Bengaluru,Karnataka,India,545.0,1254.0,69.7053918843802,1,TH-053-COAT-M,1,1,Direct/Unknown,,,,,,,,,,,,,,,True,[ True  True],False,False
gid://shopify/Order/6340919722073,TC-001/25-26/4982,2025-07-03 18:48:26,2399.0,INR,Amritsar,Punjab,India,832.0,1567.0,65.3188828678616,1,TH-053-COAT-XXL,1,1,Facebook,customer_journey,120226390275210783,content,fb,120226390275250783,120226390275220783,120226390275210783,120226390275220783,1.2022639027525078e+17,TH-053-JACKET,1.2022639027522078e+17,Backpacking,1.2022639027521078e+17,TH-053-JACKET_ET156_IM259,True,[],True,True
gid://shopify/Order/6340980572249,TC-001/25-26/4983,2025-07-03 19:31:48,2699.0,INR,Malikdanguda,Telangana,India,1673.0,1026.0,38.01407928862542,1,TH-075-NAPDEN-L,1,1,Instagram,customer_journey,120226869972090783,content,ig,120226869972100783,120226869972110783,120226869972090783,120226869972110783,1.2022686997210078e+17,TH-075-NAPDEN,1.2022686997211078e+17,Urban Pet Parents,1.2022686997209078e+17,TH-075-NAPDEN_SI223_VP031,True,[ True  True  True],True,True
gid://shopify/Order/6340996071513,TC-001/25-26/4984,2025-07-03 19:42:47,4698.0,INR,Bengaluru,Karnataka,India,1705.0,2993.0,63.70796083439762,2,"TH-068-WILD-XXL, TH-053-COAT-XXXL",2,2,Instagram,customer_journey,120226390275200783,content,ig,120226390275250783,120226390275230783,120226390275200783,120226390275230783,1.2022639027525078e+17,TH-053-JACKET,1.2022639027523078e+17,ICP Pet Parent,1.2022639027520078e+17,TH-053-JACKET_ET156_IM259,True,[ True  True  True],True,True
gid://shopify/Order/6341034967129,TC-001/25-26/4985,2025-07-03 20:09:31,1699.0,INR,Borda,Goa,India,615.0,1084.0,63.80223660977046,1,TH-063-SILBOO-XL,1,1,Instagram,customer_journey,120226643827600783,content,ig,120226643827580783,120226643827590783,120226643827600783,120226643827590783,1.2022664382758078e+17,TH-063-SILBOO,1.2022664382759078e+17,ICP Pet Parent,1.2022664382760078e+17,TH-063-SILBOO,True,[ True  True  True],True,True
gid://shopify/Order/6341065015385,TC-001/25-26/4986,2025-07-03 20:25:41,1996.0,INR,CHANDIGARH,Chandigarh,India,784.0,1212.0,60.72144288577155,1,TH-010-PETWIP,1,4,Direct/Unknown,,,,,,,,,,,,,,,True,[ True  True],False,False
gid://shopify/Order/6341098078297,TC-001/25-26/4987,2025-07-03 20:44:45,4298.0,INR,Kondapur,Telangana,India,1531.0,2767.0,64.37878082829222,2,"TH-068-WILD-XL, TH-053-COAT-XL",2,2,Facebook,customer_journey,120225742160050783,content,facebook,paid,120225742159220783,120225742160050783,120225742159420783,1.2022574215922078e+17,TH-068-WILD,1.2022574215942078e+17,Urban Pet Parents,1.2022574216005078e+17,TH-068-WILD_VP001_ET101,True,[ True  True  True],True,True
gid://shopify/Order/6341177245785,TC-001/25-26/4989,2025-07-03 21:32:37,1999.0,INR,Mumbai,Maharashtra,India,751.0,1248.0,62.4312156078039,1,TH-068-WILD-L,1,1,Google,customer_journey,sag_organic,content,google,product_sync,sag_organic,sag_organic,,,Unknown Campaign - Google,,Unknown Adset - Google,,Unknown Ad - Google,True,[],True,True
gid://shopify/Order/6341193564249,TC-001/25-26/4990,2025-07-03 21:42:27,2199.0,INR,Hyderabad,Telangana,India,826.0,1373.0,62.43747157799,1,TH-068-WILD-XXL,1,1,Instagram,customer_journey,120226643827550783,content,ig,120226643827580783,120226643827570783,120226643827550783,120226643827570783,1.2022664382758078e+17,TH-063-SILBOO,1.2022664382757078e+17,Adventure Trekkers,1.2022664382755078e+17,TH-063-SILBOO,True,[ True  True  True],True,True
gid://shopify/Order/6341195169881,TC-001/25-26/4991,2025-07-03 21:43:34,2399.0,INR,Berhmpur,Odisha,India,832.0,1567.0,65.3188828678616,1,TH-053-COAT-XXL,1,1,Facebook,customer_journey,120226390275210783,content,fb,120226390275250783,120226390275220783,120226390275210783,120226390275220783,1.2022639027525078e+17,TH-053-JACKET,1.2022639027522078e+17,Backpacking,1.2022639027521078e+17,TH-053-JACKET_ET156_IM259,True,[],True,True
gid://shopify/Order/6341224464473,TC-001/25-26/4993,2025-07-03 22:02:25,5497.0,INR,Pune,Maharashtra,India,2089.0,3408.0,61.997453156267056,2,"TH-068-WILD-S, TH-068-WILD-M",2,3,Facebook,customer_journey,120226068077090783,content,facebook,paid,120225742159220783,120226068077090783,120226068077080783,1.2022574215922078e+17,TH-068-WILD,1.2022606807708078e+17,Remarketing-Custom Audience,1.2022606807709078e+17,TH-068-WILD_VP001_ET101,True,[ True  True  True],True,True
gid://shopify/Order/6341236719705,TC-001/25-26/4994,2025-07-03 22:09:49,1999.0,INR,Thiruvananthapuram,Kerala,India,751.0,1248.0,62.4312156078039,1,TH-068-WILD-L,1,1,Facebook,customer_journey,120226090519040783,content,facebook,paid,120226090519070783,120226090519040783,120226090519050783,1.2022609051907078e+17,TH-068-WILD – Life Time,1.2022609051905078e+17,ICP Pet Parent,1.2022609051904078e+17,TH-068-WILD_VP001_ET101,True,[],True,True
gid://shopify/Order/6341251104857,TC-001/25-26/4995,2025-07-03 22:17:35,2099.0,INR,Hyderabad,Telangana,India,788.0,1311.0,62.45831348261077,1,TH-068-WILD-XL,1,1,Google,customer_journey,sag_organic,content,google,product_sync,sag_organic,sag_organic,,,Unknown Campaign - Google,,Unknown Adset - Google,,Unknown Ad - Google,True,[ True  True],True,True
gid://shopify/Order/6341276565593,TC-001/25-26/4997,2025-07-03 22:31:55,1999.0,INR,Ahmedabad,Gujarat,India,988.0,1011.0,50.57528764382191,1,TH-056-UMB,1,1,Instagram,customer_journey,120226812136760783,content,ig,120226087546250783,120226812136770783,120226812136760783,120226812136770783,1.2022608754625078e+17,TH-056-UMB,1.2022681213677078e+17,Tier 2 & 3 Pet Parents,1.2022681213676078e+17,TH-056-UMB_ET139_VP007,True,[ True  True  True],True,True
gid://shopify/Order/6341325422681,TC-001/25-26/4998,2025-07-03 23:01:45,3915.0,INR,Pune,Maharashtra,India,1635.0,2280.0,58.23754789272031,5,"TH-063-SILBOO-XS, TH-037-MISTBRU, TH-016-SIPBOT, TH-002-SKMISH, TH-008-CLIBRU",5,5,Instagram,customer_journey,120226643827550783,content,ig,120226643827580783,120226643827570783,120226643827550783,120226643827570783,1.2022664382758078e+17,TH-063-SILBOO,1.2022664382757078e+17,Adventure Trekkers,1.2022664382755078e+17,TH-063-SILBOO,True,[ True  True  True],True,True
gid://shopify/Order/6341397872729,TC-001/25-26/4999,2025-07-03 23:45:36,2199.0,INR,Secunderabad,Telangana,India,826.0,1373.0,62.43747157799,1,TH-068-WILD-XXL,1,1,Google,customer_journey,sag_organic,content,google,product_sync,sag_organic,sag_organic,,,Unknown Campaign - Google,,Unknown Adset - Google,,Unknown Ad - Google,True,[],True,True
gid://shopify/Order/6341467406425,TC-001/25-26/5000,2025-07-04 00:28:26,1499.0,INR,Mumbai,Maharashtra,India,560.0,939.0,62.64176117411607,1,TH-063-SILBOO-M,1,1,Google,customer_journey,sag_organic,content,google,product_sync,sag_organic,sag_organic,,,Unknown Campaign - Google,,Unknown Adset - Google,,Unknown Ad - Google,True,[ True  True],True,True
gid://shopify/Order/6341512069209,TC-001/25-26/5001,2025-07-04 00:57:24,1899.0,INR,Bhubaneswar,Odisha,India,725.0,1174.0,61.822011585044756,1,TH-068-WILD-M,1,1,Google,customer_journey,sag_organic,content,google,product_sync,sag_organic,sag_organic,,,Unknown Campaign - Google,,Unknown Adset - Google,,Unknown Ad - Google,True,[],True,True
gid://shopify/Order/6341573017689,TC-001/25-26/5002,2025-07-04 01:37:57,2099.0,INR,Pune,Maharashtra,India,788.0,1311.0,62.45831348261077,1,TH-068-WILD-XL,1,1,Facebook,customer_journey,Facebook_UA,content,facebook,paid,,Facebook_UA,,,Unknown Campaign - Facebook,,Unknown Adset - Facebook,,Unknown Ad - Facebook,True,[ True  True  True],True,True
gid://shopify/Order/6341653561433,TC-001/25-26/5003,2025-07-04 02:30:19,1999.0,INR,Bengaluru,Karnataka,India,950.0,1049.0,52.47623811905952,1,TH-072-AEROPOD-BEIGE,1,1,Instagram,customer_journey,120226672305550783,content,ig,120226671972840783,120226672305530783,120226672305550783,120226672305530783,1.2022667197284078e+17,TH-072-AEROPOD,1.2022667230553078e+17,Frequent Travellers,1.2022667230555078e+17,TH-072-AEROPOD_ET113_IM253,True,[ True  True  True],True,True
gid://shopify/Order/6342081740889,TC-001/25-26/5004,2025-07-04 08:06:36,2099.0,INR,Mumbai,Maharashtra,India,788.0,1311.0,62.45831348261077,1,TH-068-WILD-XL,1,1,Direct/Unknown,customer_journey,120226090519040783,content,,paid,120226090519070783,120226090519040783,120226090519050783,1.2022609051907078e+17,TH-068-WILD – Life Time,1.2022609051905078e+17,ICP Pet Parent,1.2022609051904078e+17,TH-068-WILD_VP001_ET101,True,[],True,False
gid://shopify/Order/6342166478937,TC-001/25-26/5005,2025-07-04 09:33:19,1318.0,INR,Ahmedabad,Gujarat,India,548.0,770.0,58.421851289833086,2,"TH-004-TNFSH, TH-008-CLIBRU",2,2,Direct/Unknown,,,,,,,,,,,,,,,True,[ True  True  True],False,False
gid://shopify/Order/6342239748185,TC-001/25-26/5006,2025-07-04 10:44:18,1899.0,INR,Dehradun,Uttarakhand,India,657.0,1242.0,65.40284360189574,1,TH-053-COAT-L,1,1,Direct/Unknown,,,,,,,,,,,,,,,True,[ True  True],False,False
gid://shopify/Order/6342246695001,TC-001/25-26/5007,2025-07-04 10:53:48,1999.0,INR,Mumbai,Maharashtra,India,950.0,1049.0,52.47623811905952,1,TH-072-AEROPOD-PINK,1,1,Instagram,customer_journey,120226671972850783,content,ig,120226671972840783,120226671972830783,120226671972850783,120226671972830783,1.2022667197284078e+17,TH-072-AEROPOD,1.2022667197283078e+17,Urban Pet Parents,1.2022667197285078e+17,TH-072-AEROPOD_ET113_IM253,True,[ True  True  True],True,True
gid://shopify/Order/6342261342297,TC-001/25-26/5008,2025-07-04 11:13:02,2199.0,INR,Jagdalpur,Chhattisgarh,India,743.0,1456.0,66.2119145065939,1,TH-053-COAT-XL,1,1,Instagram,customer_journey,120226817355510783,content,ig,120226817355500783,120226817355540783,120226817355510783,120226817355540783,1.2022681735550078e+17,TH-053-JACKET – Alt Twin,1.2022681735554078e+17,Tier 2 & 3 Pet Parents,1.2022681735551078e+17,TH-053-JACKET_ET156_IM259,True,[],True,True
gid://shopify/Order/6342295093337,TC-001/25-26/5009,2025-07-04 12:02:11,2099.0,INR,Bengaluru Urban,Karnataka,India,1121.0,978.0,46.59361600762268,1,TH-073-SMARTSIP,1,1,Instagram,customer_journey,120226156067000783,content,ig,120226153793680783,120226156066980783,120226156067000783,120226156066980783,1.2022615379368078e+17,TH-073-SMARTSIP,1.2022615606698078e+17,Cat Lover,1.2022615606700078e+17,TH-073-SMARTSIP_VP048_ET122,True,[],True,True
gid://shopify/Order/6342297878617,TC-001/25-26/5010,2025-07-04 12:07:14,1999.0,INR,Mumbai,Maharashtra,India,988.0,1011.0,50.57528764382191,1,TH-056-UMB,1,1,Instagram,customer_journey,120227014864210783,content,ig,120227014864220783,120227014864230783,120227014864210783,120227014864230783,1.2022701486422078e+17,TH-068-WILD_Weather Protection_Statics,1.2022701486423078e+17,TH-068-WILD _Weather _ALL,1.2022701486421078e+17,TH-068-WILD _statics Weather,True,[],True,True
gid://shopify/Order/6342331334745,TC-001/25-26/5011,2025-07-04 12:56:28,549.0,INR,Srikakulam,Andhra Pradesh,India,196.0,303.0,55.19125683060109,1,TH-010-PETWIP,1,1,Facebook,customer_journey,Facebook_UA,content,facebook,paid,120221341262910783,Facebook_UA,120221341262900783,,Unknown Campaign - Facebook,,Unknown Adset - Facebook,,Unknown Ad - Facebook,True,[],True,True
gid://shopify/Order/6342332186713,TC-001/25-26/5012,2025-07-04 12:58:17,4898.0,INR,Rudrapur,Uttarakhand,India,1711.0,3187.0,65.06737443854634,2,"TH-053-COAT-XXL, TH-053-COAT-XXXL",2,2,Instagram,customer_journey,120226390275210783,content,ig,120226390275250783,120226390275220783,120226390275210783,120226390275220783,1.2022639027525078e+17,TH-053-JACKET,1.2022639027522078e+17,Backpacking,1.2022639027521078e+17,TH-053-JACKET_ET156_IM259,True,[ True  True  True],True,True
gid://shopify/Order/6342408437849,TC-001/25-26/5014,2025-07-04 14:13:44,998.0,INR,New Delhi,Delhi,India,448.0,550.0,55.11022044088176,2,"TH-044-GREAGLO, TH-005-AQCASHO",2,2,Direct/Unknown,,,,,,,,,,,,,,,True,[ True  True],False,False
gid://shopify/Order/6342448742489,TC-001/25-26/5015,2025-07-04 15:19:43,1698.0,INR,New Delhi,Delhi,India,606.0,1092.0,64.31095406360424,2,"TH-038-PAWTR, TH-033-SNOG-L",2,2,Google,customer_journey,sag_organic,content,google,product_sync,sag_organic,sag_organic,,,Unknown Campaign - Google,,Unknown Adset - Google,,Unknown Ad - Google,True,[ True  True],True,True
gid://shopify/Order/6342765969497,TC-001/25-26/5017,2025-07-04 17:42:48,1799.0,INR,Dhanbad,Jharkhand,India,545.0,1254.0,69.7053918843802,1,TH-053-COAT-M,1,1,Direct/Unknown,,,,,,,,,,,,,,,True,[ True  True  True],False,False
gid://shopify/Order/6342903464025,TC-001/25-26/5018,2025-07-04 18:33:49,1599.0,INR,Ahmedabad,Gujarat,India,818.0,781.0,48.843026891807376,1,TH-012-SNUGBOO-M,1,1,Direct/Unknown,customer_journey,120227105781980783,content,,paid,120227105781970783,120227105781980783,120227105781940783,1.2022710578197078e+17,TH-012-SNUGBOO,1.2022710578194078e+17,Adventure Trekkers,1.2022710578198078e+17,TH-012-SNUGBOO,True,[ True  True  True],True,False
gid://shopify/Order/6343697104985,TC-001/25-26/5023,2025-07-04 23:34:43,2499.0,INR,Khopoli,Maharashtra,India,879.0,1620.0,64.82593037214886,1,TH-053-COAT-XXXL,1,1,Instagram,customer_journey,120226390275210783,content,ig,120226390275250783,120226390275220783,120226390275210783,120226390275220783,1.2022639027525078e+17,TH-053-JACKET,1.2022639027522078e+17,Backpacking,1.2022639027521078e+17,TH-053-JACKET_ET156_IM259,True,[],True,True
gid://shopify/Order/6344888352857,TC-001/25-26/5024,2025-07-05 08:24:25,1699.0,INR,Udham Singh Nagar,Uttarakhand,India,615.0,1084.0,63.80223660977046,1,TH-063-SILBOO-XL,1,1,Facebook,customer_journey,Facebook_UA,content,facebook,paid,,Facebook_UA,,,Unknown Campaign - Facebook,,Unknown Adset - Facebook,,Unknown Ad - Facebook,True,[ True  True  True],True,True
gid://shopify/Order/6344916533337,TC-001/25-26/5025,2025-07-05 08:48:09,1099.0,INR,Mohali,Punjab,India,397.0,702.0,63.87625113739763,1,TH-038-PAWTR,1,1,Google,customer_journey,sag_organic,content,google,product_sync,sag_organic,sag_organic,,,Unknown Campaign - Google,,Unknown Adset - Google,,Unknown Ad - Google,True,[],True,True
gid://shopify/Order/6344980398169,TC-001/25-26/5026,2025-07-05 09:43:16,1849.0,INR,Rourkela,Odisha,India,664.0,1185.0,64.08869659275284,1,TH-070-TGSB,1,1,Google,customer_journey,sag_organic,content,google,product_sync,sag_organic,sag_organic,,,Unknown Campaign - Google,,Unknown Adset - Google,,Unknown Ad - Google,True,[],True,True
gid://shopify/Order/6345038987353,TC-001/25-26/5027,2025-07-05 10:31:37,1499.0,INR,Palanpur,Gujarat,India,560.0,939.0,62.64176117411607,1,TH-063-SILBOO-M,1,1,Instagram,customer_journey,120226643827600783,content,ig,120226643827580783,120226643827590783,120226643827600783,120226643827590783,1.2022664382758078e+17,TH-063-SILBOO,1.2022664382759078e+17,ICP Pet Parent,1.2022664382760078e+17,TH-063-SILBOO,True,[],True,True
gid://shopify/Order/6345095086169,TC-001/25-26/5029,2025-07-05 11:56:05,1799.0,INR,Sarita vihar,Delhi,India,652.0,1147.0,63.757643135075035,1,TH-063-SILBOO-XXL,1,1,Facebook,customer_journey,120226090519060783,content,facebook,paid,120226090519070783,120226090519060783,120226090519120783,1.2022609051907078e+17,TH-068-WILD – Life Time,1.2022609051912078e+17,Urban Pet Parents,1.2022609051906078e+17,TH-068-WILD_VP001_ET101,True,[ True  True  True],True,True
gid://shopify/Order/6345100001369,TC-001/25-26/5030,2025-07-05 12:04:53,2499.0,INR,Nashik,Maharashtra,India,879.0,1620.0,64.82593037214886,1,TH-053-COAT-XXXL,1,1,Facebook,customer_journey,120226390275200783,content,fb,120226390275250783,120226390275230783,120226390275200783,120226390275230783,1.2022639027525078e+17,TH-053-JACKET,1.2022639027523078e+17,ICP Pet Parent,1.2022639027520078e+17,TH-053-JACKET_ET156_IM259,True,[],True,True
gid://shopify/Order/6345101279321,TC-001/25-26/5031,2025-07-05 12:07:20,1699.0,INR,Hyderabad,Telangana,India,615.0,1084.0,63.80223660977046,1,TH-063-SILBOO-XL,1,1,Instagram,customer_journey,120226643827600783,content,ig,120226643827580783,120226643827590783,120226643827600783,120226643827590783,1.2022664382758078e+17,TH-063-SILBOO,1.2022664382759078e+17,ICP Pet Parent,1.2022664382760078e+17,TH-063-SILBOO,True,[],True,True
gid://shopify/Order/6345134047321,TC-001/25-26/5033,2025-07-05 13:01:18,2499.0,INR,Warangal,Telangana,India,879.0,1620.0,64.82593037214886,1,TH-053-COAT-XXXL,1,1,Instagram,customer_journey,120226390275210783,content,ig,120226390275250783,120226390275220783,120226390275210783,120226390275220783,1.2022639027525078e+17,TH-053-JACKET,1.2022639027522078e+17,Backpacking,1.2022639027521078e+17,TH-053-JACKET_ET156_IM259,True,[],True,True
gid://shopify/Order/6345134375001,TC-001/25-26/5034,2025-07-05 13:01:40,1899.0,INR,Hyderabad,Telangana,India,940.0,959.0,50.50026329647183,1,TH-012-SNUGBOO-XXL,1,1,Facebook,customer_journey,120220688256830783,content,fb,120219910470100783,120219910470110783,120220688256830783,120219910470110783,1.2021991047010078e+17,R15D2-TH-D2 RPP - Video - India - IG & FB - Sales - 22/04/2025,1.2021991047011078e+17,Top Cities -Broad,1.2022068825683078e+17,TH-012-SNUGBOO_Static,True,[],True,True
gid://shopify/Order/6345134440537,TC-001/25-26/5035,2025-07-05 13:01:58,1899.0,INR,Pune,Maharashtra,India,940.0,959.0,50.50026329647183,1,TH-012-SNUGBOO-XXL,1,1,Instagram,customer_journey,120227105781990783,content,ig,120227105781970783,120227105781950783,120227105781990783,120227105781950783,1.2022710578197078e+17,TH-012-SNUGBOO,1.2022710578195078e+17,ICP Pet Parent,1.2022710578199078e+17,TH-012-SNUGBOO,True,[],True,True
gid://shopify/Order/6345168846937,TC-001/25-26/5036,2025-07-05 13:41:02,1499.0,INR,Mhow,Madhya Pradesh,India,775.0,724.0,48.29886591060707,1,TH-012-SNUGBOO-S,1,1,Facebook,customer_journey,120226773341290783,content,facebook,paid,120226773341260783,120226773341290783,120226773341310783,1.2022677334126078e+17,TH-012-SNUGBOO- Alternate Twin,1.2022677334131078e+17,Remarketing,1.2022677334129078e+17,TH-012-SNUGBOO,True,[ True  True  True],True,True
gid://shopify/Order/6345171730521,TC-001/25-26/5037,2025-07-05 13:42:29,1799.0,INR,Ankleshwar,Gujarat,India,545.0,1254.0,69.7053918843802,1,TH-053-COAT-M,1,1,Instagram,customer_journey,120226390275200783,content,ig,120226390275250783,120226390275230783,120226390275200783,120226390275230783,1.2022639027525078e+17,TH-053-JACKET,1.2022639027523078e+17,ICP Pet Parent,1.2022639027520078e+17,TH-053-JACKET_ET156_IM259,True,[ True  True  True],True,True
gid://shopify/Order/6345190080601,TC-001/25-26/5039,2025-07-05 14:05:14,2418.0,INR,CUTTACK,Odisha,India,914.0,1504.0,62.200165425971875,2,"TH-002-SKMISH, TH-063-SILBOO-M",2,2,Google,customer_journey,sag_organic,content,google,product_sync,sag_organic,sag_organic,,,Unknown Campaign - Google,,Unknown Adset - Google,,Unknown Ad - Google,True,[ True  True],True,True
gid://shopify/Order/6345196765273,TC-001/25-26/5040,2025-07-05 14:16:30,2018.0,INR,Pune,Maharashtra,India,751.0,1267.0,62.784935579781965,2,"TH-002-SKMISH, TH-038-PAWTR",2,2,Facebook,customer_journey,120226087546240783,content,facebook,paid,120226087546250783,120226087546240783,120226087546230783,1.2022608754625078e+17,TH-056-UMB,1.2022608754623078e+17,Urban Pet Parents,1.2022608754624078e+17,TH-056-UMB_ET139_VP007,True,[ True  True  True],True,True
gid://shopify/Order/6345241985113,TC-001/25-26/5042,2025-07-05 15:44:59,1599.0,INR,Mumbai,Maharashtra,India,582.0,1017.0,63.60225140712945,1,TH-063-SILBOO-L,1,1,Direct/Unknown,,,,,,,,,,,,,,,True,[ True  True],False,False
gid://shopify/Order/6345250013273,TC-001/25-26/5043,2025-07-05 16:01:32,2199.0,INR,Nagpur,Maharashtra,India,743.0,1456.0,66.2119145065939,1,TH-053-COAT-XL,1,1,Facebook,customer_journey,120226599037800783,content,fb,120226599037790783,120226599037770783,120226599037800783,120226599037770783,1.2022659903779078e+17,TH-053-JACKET – Life Time,1.2022659903777078e+17,Urban Pet Parents,1.2022659903780078e+17,TH-053-JACKET_ET156_IM259,True,[ True  True  True],True,True
gid://shopify/Order/6345341927513,TC-001/25-26/5045,2025-07-05 18:00:18,1899.0,INR,Delhi,Delhi,India,940.0,959.0,50.50026329647183,1,TH-012-SNUGBOO-XXL,1,1,Instagram,customer_journey,120226643827600783,content,ig,120226643827580783,120226643827590783,120226643827600783,120226643827590783,1.2022664382758078e+17,TH-063-SILBOO,1.2022664382759078e+17,ICP Pet Parent,1.2022664382760078e+17,TH-063-SILBOO,True,[ True  True  True],True,True
gid://shopify/Order/6345387343961,TC-001/25-26/5047,2025-07-05 18:42:24,1999.0,INR,Mumbai,Maharashtra,India,988.0,1011.0,50.57528764382191,1,TH-056-UMB,1,1,Facebook,customer_journey,120226087546240783,content,facebook,paid,120226087546250783,120226087546240783,120226087546230783,1.2022608754625078e+17,TH-056-UMB,1.2022608754623078e+17,Urban Pet Parents,1.2022608754624078e+17,TH-056-UMB_ET139_VP007,True,[],True,True
gid://shopify/Order/6345424306265,TC-001/25-26/5048,2025-07-05 19:14:57,1099.0,INR,Bir,Himachal Pradesh,India,397.0,702.0,63.87625113739763,1,TH-038-PAWTR,1,1,Facebook,customer_journey,120226390275200783,content,fb,120226390275250783,120226390275230783,120226390275200783,120226390275230783,1.2022639027525078e+17,TH-053-JACKET,1.2022639027523078e+17,ICP Pet Parent,1.2022639027520078e+17,TH-053-JACKET_ET156_IM259,True,[],True,True
gid://shopify/Order/6345428369497,TC-001/25-26/5049,2025-07-05 19:17:27,1899.0,INR,Nagpur,Maharashtra,India,940.0,959.0,50.50026329647183,1,TH-012-SNUGBOO-XXL,1,1,Instagram,customer_journey,120226773341280783,content,ig,120226773341260783,120226773341250783,120226773341280783,120226773341250783,1.2022677334126078e+17,TH-012-SNUGBOO- Alternate Twin,1.2022677334125078e+17,Tier 2 Pet Parents,1.2022677334128078e+17,TH-012-SNUGBOO,True,[],True,True
gid://shopify/Order/6345521889369,TC-001/25-26/5051,2025-07-05 20:26:57,1999.0,INR,Vadodara,Gujarat,India,988.0,1011.0,50.57528764382191,1,TH-056-UMB,1,1,Instagram,customer_journey,120226773341290783,content,ig,120226773341260783,120226773341310783,120226773341290783,120226773341310783,1.2022677334126078e+17,TH-012-SNUGBOO- Alternate Twin,1.2022677334131078e+17,Remarketing,1.2022677334129078e+17,TH-012-SNUGBOO,True,[],True,True
gid://shopify/Order/6345846030425,TC-001/25-26/5053,2025-07-05 23:45:59,1399.0,INR,"Kochi, Ernakulam",Kerala,India,541.0,858.0,61.329521086490345,1,TH-063-SILBOO-S,1,1,Instagram,customer_journey,120226643827630783,content,ig,120226643827580783,120226643827610783,120226643827630783,120226643827610783,1.2022664382758078e+17,TH-063-SILBOO,1.2022664382761078e+17,Urban Pet Parents,1.2022664382763078e+17,TH-063-SILBOO,True,[ True  True  True],True,True
